{"objects":[{"type":"path","originX":"center","originY":"center","left":183.5,"top":124,"width":113,"height":156,"fill":null,"stroke":"rgb(0, 0, 0)","strokeWidth":1,"strokeDashArray":null,"strokeLineCap":"round","strokeLineJoin":"round","strokeMiterLimit":10,"scaleX":1,"scaleY":1,"angle":0,"flipX":false,"flipY":false,"opacity":1,"shadow":null,"visible":true,"clipTo":null,"backgroundColor":"","path":[["M",58.5,0],["Q",58.5,0,59,0],["Q",59.5,0,57.75,0],["Q",56,0,52,0],["Q",48,0,42.5,0],["Q",37,0,31,2],["Q",25,4,19,6],["Q",13,8,9.5,11],["Q",6,14,4,16],["Q",2,18,1,22.5],["Q",0,27,0,30],["Q",0,33,2,38.5],["Q",4,44,8.5,50.5],["Q",13,57,19,62],["Q",25,67,32.5,73.5],["Q",40,80,46.5,84],["Q",53,88,60,91.5],["Q",67,95,74.5,97],["Q",82,99,89,100],["Q",96,101,100.5,102.5],["Q",105,104,107.5,105],["Q",110,106,111,106.5],["Q",112,107,112.5,107.5],["Q",113,108,113,109],["Q",113,110,111.5,112.5],["Q",110,115,106,120],["Q",102,125,97,129],["Q",92,133,86,136],["Q",80,139,70,143.5],["Q",60,148,53,151],["Q",46,154,43.5,155],["Q",41,156,40.5,156],["Q",40,156,39.5,156],["L",39,156]],"pathOffset":{"x":0,"y":0}}],"background":""}