{"objects":[{"type":"circle","originX":"left","originY":"top","left":23,"top":119,"width":60,"height":60,"fill":"white","stroke":"black","strokeWidth":3,"strokeDashArray":null,"strokeLineCap":"butt","strokeLineJoin":"miter","strokeMiterLimit":10,"scaleX":1,"scaleY":1,"angle":0,"flipX":false,"flipY":false,"opacity":1,"shadow":null,"visible":true,"clipTo":null,"backgroundColor":"","radius":30},{"type":"circle","originX":"left","originY":"top","left":127,"top":5,"width":60,"height":60,"fill":"white","stroke":"black","strokeWidth":3,"strokeDashArray":null,"strokeLineCap":"butt","strokeLineJoin":"miter","strokeMiterLimit":10,"scaleX":1,"scaleY":1,"angle":0,"flipX":false,"flipY":false,"opacity":1,"shadow":null,"visible":true,"clipTo":null,"backgroundColor":"","radius":30},{"type":"circle","originX":"left","originY":"top","left":99,"top":25,"width":60,"height":60,"fill":"white","stroke":"black","strokeWidth":3,"strokeDashArray":null,"strokeLineCap":"butt","strokeLineJoin":"miter","strokeMiterLimit":10,"scaleX":1,"scaleY":1,"angle":0,"flipX":false,"flipY":false,"opacity":1,"shadow":null,"visible":true,"clipTo":null,"backgroundColor":"","radius":30},{"type":"circle","originX":"left","originY":"top","left":11,"top":94,"width":60,"height":60,"fill":"white","stroke":"black","strokeWidth":3,"strokeDashArray":null,"strokeLineCap":"butt","strokeLineJoin":"miter","strokeMiterLimit":10,"scaleX":1,"scaleY":1,"angle":0,"flipX":false,"flipY":false,"opacity":1,"shadow":null,"visible":true,"clipTo":null,"backgroundColor":"","radius":30},{"type":"circle","originX":"left","originY":"top","left":449,"top":187,"width":60,"height":60,"fill":"white","stroke":"black","strokeWidth":3,"strokeDashArray":null,"strokeLineCap":"butt","strokeLineJoin":"miter","strokeMiterLimit":10,"scaleX":1,"scaleY":1,"angle":0,"flipX":false,"flipY":false,"opacity":1,"shadow":null,"visible":true,"clipTo":null,"backgroundColor":"","radius":30},{"type":"circle","originX":"left","originY":"top","left":95,"top":265,"width":60,"height":60,"fill":"white","stroke":"black","strokeWidth":3,"strokeDashArray":null,"strokeLineCap":"butt","strokeLineJoin":"miter","strokeMiterLimit":10,"scaleX":1,"scaleY":1,"angle":0,"flipX":false,"flipY":false,"opacity":1,"shadow":null,"visible":true,"clipTo":null,"backgroundColor":"","radius":30},{"type":"path","originX":"center","originY":"center","left":219.25,"top":124,"width":93,"height":94,"fill":null,"stroke":"rgb(0, 0, 0)","strokeWidth":1,"strokeDashArray":null,"strokeLineCap":"round","strokeLineJoin":"round","strokeMiterLimit":10,"scaleX":1,"scaleY":1,"angle":0,"flipX":false,"flipY":false,"opacity":1,"shadow":null,"visible":true,"clipTo":null,"backgroundColor":"","path":[["M",0,0],["Q",0,0,0.5,0],["Q",1,0,0.75,1],["Q",0.5,2,1,3.5],["Q",1.5,5,4,7.5],["Q",6.5,10,9,13.5],["Q",11.5,17,15.5,22],["Q",19.5,27,23.5,30.5],["Q",27.5,34,30.5,40],["Q",33.5,46,38.5,51],["Q",43.5,56,48,60],["Q",52.5,64,58,69],["Q",63.5,74,71,79.5],["Q",78.5,85,83,88],["Q",87.5,91,90,92.5],["Q",92.5,94,93,94],["L",93.5,94]],"pathOffset":{"x":0,"y":0}},{"type":"circle","originX":"left","originY":"top","left":162,"top":172,"width":60,"height":60,"fill":"white","stroke":"black","strokeWidth":3,"strokeDashArray":null,"strokeLineCap":"butt","strokeLineJoin":"miter","strokeMiterLimit":10,"scaleX":1,"scaleY":1,"angle":0,"flipX":false,"flipY":false,"opacity":1,"shadow":null,"visible":true,"clipTo":null,"backgroundColor":"","radius":30},{"type":"rect","originX":"left","originY":"top","left":262,"top":77,"width":75,"height":50,"fill":"white","stroke":"black","strokeWidth":3,"strokeDashArray":null,"strokeLineCap":"butt","strokeLineJoin":"miter","strokeMiterLimit":10,"scaleX":1,"scaleY":1,"angle":0,"flipX":false,"flipY":false,"opacity":1,"shadow":null,"visible":true,"clipTo":null,"backgroundColor":"","rx":0,"ry":0,"x":0,"y":0},{"type":"rect","originX":"left","originY":"top","left":139,"top":175,"width":75,"height":50,"fill":"white","stroke":"black","strokeWidth":3,"strokeDashArray":null,"strokeLineCap":"butt","strokeLineJoin":"miter","strokeMiterLimit":10,"scaleX":1,"scaleY":1,"angle":0,"flipX":false,"flipY":false,"opacity":1,"shadow":null,"visible":true,"clipTo":null,"backgroundColor":"","rx":0,"ry":0,"x":0,"y":0},{"type":"rect","originX":"left","originY":"top","left":241,"top":203,"width":75,"height":50,"fill":"white","stroke":"black","strokeWidth":3,"strokeDashArray":null,"strokeLineCap":"butt","strokeLineJoin":"miter","strokeMiterLimit":10,"scaleX":1,"scaleY":1,"angle":0,"flipX":false,"flipY":false,"opacity":1,"shadow":null,"visible":true,"clipTo":null,"backgroundColor":"","rx":0,"ry":0,"x":0,"y":0},{"type":"rect","originX":"left","originY":"top","left":86,"top":213,"width":75,"height":50,"fill":"white","stroke":"black","strokeWidth":3,"strokeDashArray":null,"strokeLineCap":"butt","strokeLineJoin":"miter","strokeMiterLimit":10,"scaleX":1,"scaleY":1,"angle":0,"flipX":false,"flipY":false,"opacity":1,"shadow":null,"visible":true,"clipTo":null,"backgroundColor":"","rx":0,"ry":0,"x":0,"y":0},{"type":"rect","originX":"left","originY":"top","left":137,"top":232,"width":75,"height":50,"fill":"white","stroke":"black","strokeWidth":3,"strokeDashArray":null,"strokeLineCap":"butt","strokeLineJoin":"miter","strokeMiterLimit":10,"scaleX":1,"scaleY":1,"angle":0,"flipX":false,"flipY":false,"opacity":1,"shadow":null,"visible":true,"clipTo":null,"backgroundColor":"","rx":0,"ry":0,"x":0,"y":0},{"type":"path","originX":"center","originY":"center","left":164.25,"top":168,"width":21,"height":78,"fill":null,"stroke":"rgb(0, 0, 0)","strokeWidth":1,"strokeDashArray":null,"strokeLineCap":"round","strokeLineJoin":"round","strokeMiterLimit":10,"scaleX":1,"scaleY":1,"angle":0,"flipX":false,"flipY":false,"opacity":1,"shadow":null,"visible":true,"clipTo":null,"backgroundColor":"","path":[["M",0,0],["Q",0,0,0.5,0],["Q",1,0,0.75,0.5],["Q",0.5,1,0.5,3],["Q",0.5,5,1,8],["Q",1.5,11,2.5,14.5],["Q",3.5,18,5.5,22.5],["Q",7.5,27,8.5,33],["Q",9.5,39,10,43],["Q",10.5,47,12.5,52],["Q",14.5,57,15.5,60],["Q",16.5,63,17,65],["Q",17.5,67,18.5,69.5],["Q",19.5,72,20,73.5],["Q",20.5,75,21,76.5],["L",21.5,78]],"pathOffset":{"x":0,"y":0}},{"type":"rect","originX":"left","originY":"top","left":164,"top":248,"width":75,"height":50,"fill":"white","stroke":"black","strokeWidth":3,"strokeDashArray":null,"strokeLineCap":"butt","strokeLineJoin":"miter","strokeMiterLimit":10,"scaleX":1,"scaleY":1,"angle":0,"flipX":false,"flipY":false,"opacity":1,"shadow":null,"visible":true,"clipTo":null,"backgroundColor":"","rx":0,"ry":0,"x":0,"y":0}],"background":""}