{"objects":[{"type":"path","originX":"center","originY":"center","left":266,"top":169.5,"width":408,"height":227,"fill":null,"stroke":"rgb(0, 0, 0)","strokeWidth":1,"strokeDashArray":null,"strokeLineCap":"round","strokeLineJoin":"round","strokeMiterLimit":10,"scaleX":1,"scaleY":1,"angle":0,"flipX":false,"flipY":false,"opacity":1,"shadow":null,"visible":true,"clipTo":null,"backgroundColor":"","path":[["M",296.5,0],["Q",296.5,0,297,0],["Q",297.5,0,296.75,0],["Q",296,0,287.5,0],["Q",279,0,265.5,0],["Q",252,0,233.5,0],["Q",215,0,196.5,2.5],["Q",178,5,164,7.5],["Q",150,10,141.5,12],["Q",133,14,130,15.5],["Q",127,17,125.5,18.5],["Q",124,20,124,21],["Q",124,22,125.5,25.5],["Q",127,29,132.5,35.5],["Q",138,42,147,51],["Q",156,60,177.5,72.5],["Q",199,85,225,96.5],["Q",251,108,278.5,114.5],["Q",306,121,336,128],["Q",366,135,380,137],["Q",394,139,399.5,141],["Q",405,143,406.5,144],["Q",408,145,408,145.5],["Q",408,146,406.5,146.5],["Q",405,147,387.5,151.5],["Q",370,156,341.5,168],["Q",313,180,274.5,189],["Q",236,198,197.5,207.5],["Q",159,217,127,220],["Q",95,223,69.5,225],["Q",44,227,29,227],["Q",14,227,7,227],["L",0,227]],"pathOffset":{"x":0,"y":0}},{"type":"path","originX":"center","originY":"center","left":658.5,"top":193.5,"width":259,"height":219,"fill":null,"stroke":"rgb(0, 0, 0)","strokeWidth":1,"strokeDashArray":null,"strokeLineCap":"round","strokeLineJoin":"round","strokeMiterLimit":10,"scaleX":1,"scaleY":1,"angle":0,"flipX":false,"flipY":false,"opacity":1,"shadow":null,"visible":true,"clipTo":null,"backgroundColor":"","path":[["M",78.5,29],["Q",78.5,29,79,29],["Q",79.5,29,78.25,29],["Q",77,29,76,29],["Q",75,29,72,29],["Q",69,29,65.5,30],["Q",62,31,58.5,33.5],["Q",55,36,50.5,39],["Q",46,42,39.5,47],["Q",33,52,23,62.5],["Q",13,73,9.5,76.5],["Q",6,80,4,94],["Q",2,108,1,118],["Q",0,128,0,138.5],["Q",0,149,2.5,160.5],["Q",5,172,10.5,180.5],["Q",16,189,22.5,197],["Q",29,205,46.5,211.5],["Q",64,218,72.5,219],["Q",81,220,99,217],["Q",117,214,126.5,212],["Q",136,210,143.5,205.5],["Q",151,201,160,197],["Q",169,193,180.5,183.5],["Q",192,174,202.5,165],["Q",213,156,221,145.5],["Q",229,135,235.5,126],["Q",242,117,247.5,108.5],["Q",253,100,255,94],["Q",257,88,258,83.5],["Q",259,79,259,77],["Q",259,75,258,72.5],["Q",257,70,242,62],["Q",227,54,200,46],["Q",173,38,152.5,30.5],["Q",132,23,113,19],["Q",94,15,81.5,10.5],["Q",69,6,58,5],["Q",47,4,40,2],["Q",33,0,30,0],["Q",27,0,26,0],["Q",25,0,26,0],["L",27,0]],"pathOffset":{"x":0,"y":0}}],"background":""}