{"objects":[{"type":"path","originX":"center","originY":"center","left":333.5,"top":193,"width":337,"height":292,"fill":null,"stroke":"rgb(0, 0, 0)","strokeWidth":1,"strokeDashArray":null,"strokeLineCap":"round","strokeLineJoin":"round","strokeMiterLimit":10,"scaleX":1,"scaleY":1,"angle":0,"flipX":false,"flipY":false,"opacity":1,"shadow":null,"visible":true,"clipTo":null,"backgroundColor":"","path":[["M",196.5,4],["Q",196.5,4,197,4],["Q",197.5,4,194.25,3],["Q",191,2,186.5,1],["Q",182,0,167,0],["Q",152,0,137.5,0],["Q",123,0,110.5,3],["Q",98,6,88,11.5],["Q",78,17,70.5,22.5],["Q",63,28,59,33],["Q",55,38,54,43.5],["Q",53,49,53,54.5],["Q",53,60,54.5,66],["Q",56,72,61,78],["Q",66,84,73.5,90.5],["Q",81,97,92.5,103],["Q",104,109,122,114],["Q",140,119,165,125.5],["Q",190,132,211.5,136],["Q",233,140,257.5,144.5],["Q",282,149,296.5,154],["Q",311,159,319.5,163.5],["Q",328,168,331.5,170.5],["Q",335,173,336,175.5],["Q",337,178,337,180],["Q",337,182,335.5,184],["Q",334,186,326.5,190],["Q",319,194,304,203],["Q",289,212,269.5,224],["Q",250,236,226.5,247],["Q",203,258,172.5,266.5],["Q",142,275,117,281],["Q",92,287,73.5,289.5],["Q",55,292,41.5,292],["Q",28,292,18.5,290.5],["Q",9,289,4.5,287],["L",0,285]],"pathOffset":{"x":0,"y":0}},{"type":"path","originX":"center","originY":"center","left":708,"top":137,"width":212,"height":232,"fill":null,"stroke":"rgb(0, 0, 0)","strokeWidth":1,"strokeDashArray":null,"strokeLineCap":"round","strokeLineJoin":"round","strokeMiterLimit":10,"scaleX":1,"scaleY":1,"angle":0,"flipX":false,"flipY":false,"opacity":1,"shadow":null,"visible":true,"clipTo":null,"backgroundColor":"","path":[["M",74.5,0],["Q",74.5,0,75,0],["Q",75.5,0,58.75,6],["Q",42,12,34.5,17.5],["Q",27,23,19.5,31.5],["Q",12,40,11,43],["Q",10,46,72,71],["Q",134,96,170,116.5],["Q",206,137,208,139.5],["Q",210,142,211,144.5],["Q",212,147,212,148],["Q",212,149,208,152.5],["Q",204,156,191,163.5],["Q",178,171,161.5,180.5],["Q",145,190,122,199],["Q",99,208,76,215.5],["Q",53,223,39.5,226.5],["Q",26,230,17.5,231],["Q",9,232,4.5,232],["L",0,232]],"pathOffset":{"x":0,"y":0}}],"background":""}